"State","year","mean_no2","mean_o3","mean_so2","mean_co"
"Alabama",2013,12.0656349677419,0.0120988387096774,0.750311306451613,0.211006887096774
"Alabama",2014,9.4117458092869,0.0246601492537313,1.18651712935323,0.205921470149254
"Alabama",2015,9.07858020666667,0.0239999666666667,1.00942902,0.22102668
"Alabama",2016,9.52487319463087,0.028347744966443,0.83511755033557,0.209514137583893
"Alaska",2014,11.6585096089385,0.0103065754189944,5.95153126815642,0.455443868715084
"Alaska",2015,11.1165885993641,0.0142176327503975,6.15901097138315,0.405221246422893
"Arizona",2000,26.4875015898749,0.0236552434584755,2.30322573748578,0.745755905005688
"Arizona",2001,22.7447234286501,0.0216284523415978,1.66660134793388,0.649471539944904
"Arizona",2002,23.6650538903047,0.0228031180055402,1.87391659722992,0.705928390581717
"Arizona",2003,23.1011512341095,0.022508490874764,1.79977489553178,0.632011437382001
"Arizona",2004,20.1343773219293,0.0226143819405496,1.62635083454851,0.509960030286035
"Arizona",2005,21.3601092130239,0.0237384277797021,1.84479927554555,0.618088232421198
"Arizona",2006,20.8346899625456,0.0252040109380179,1.68864112346702,0.55568126516407
"Arizona",2007,19.3301993911684,0.0242474431418523,1.52040831633451,0.508592781164517
"Arizona",2008,18.2506670845632,0.0255741779018748,1.45738063522138,0.425362561627443
"Arizona",2009,17.1562880548425,0.0253851656942824,1.17607730727343,0.422903222092571
"Arizona",2010,15.9167119558324,0.025903456398641,1.04703312476406,0.365167990939977
"Arizona",2011,16.6153360067302,0.0268129758833427,0.775924883903533,0.343425169938306
"Arizona",2012,17.8318033673578,0.026512629984051,0.913001744816587,0.342598107389686
"Arizona",2013,15.4795276670061,0.0279726588594705,0.716367177189409,0.320892212321792
"Arizona",2014,16.1123432236244,0.0265590323069157,0.923710209490156,0.4052679432105
"Arizona",2015,12.7049951422944,0.0281438508124077,0.584848466272772,0.355644929591334
"Arizona",2016,15.8111950117647,0.0221373470588235,0.395927191176471,0.468289805882353
"Arkansas",2007,10.7817447335165,0.0247406428571429,3.16049459615385,0.589061087912088
"Arkansas",2008,8.99139492896175,0.0248897404371585,1.76020982103825,0.443435042349727
"Arkansas",2009,9.14633706027397,0.0244871890410959,1.73236545205479,0.423285312328767
"Arkansas",2010,10.0047488375,0.0276499201388889,1.29249432534722,0.454633759722222
"Arkansas",2011,9.9821338109589,0.0274612821917808,1.36553253561644,0.447126724657534
"Arkansas",2012,10.5688275522898,0.0278839234449761,1.30461500546822,0.46736215721121
"Arkansas",2013,9.79167925753425,0.0255774082191781,1.29924153630137,0.384412521232877
"Arkansas",2014,8.86205075616438,0.0238515068493151,1.14163581575342,0.346992064383562
"Arkansas",2015,8.61283287087912,0.0243349313186813,1.11024649038462,0.306022557692308
"Arkansas",2016,8.66111279120879,0.0260095934065934,0.663799510989011,0.322073005494506
"California",2000,17.5809890152343,0.0236747223914918,1.72100380554757,0.644487745875251
"California",2001,17.7608221702265,0.0248443039413234,1.81367101875285,0.622148618360603
"California",2002,16.7551279074283,0.0263422037398541,1.625931129251,0.601790645869722
"California",2003,15.7946417772532,0.0256476396983016,1.49503344459819,0.575378783384883
"California",2004,15.1511409766603,0.0259786912586895,1.82784023070552,0.517947119656855
"California",2005,13.9656642114974,0.0251194206308021,1.65303376731246,0.459535088594822
"California",2006,14.0164587602774,0.0262735663750475,1.38330365140299,0.444420527021096
"California",2007,13.0760233424935,0.0266701980529112,1.2164233821364,0.416035064291686
"California",2008,12.9773577357341,0.0269763764923737,1.09528218926953,0.390693093806345
"California",2009,12.873185457535,0.0261567125490196,1.00694868834734,0.394014948823529
"California",2010,12.2472690780987,0.0256686652226233,0.720865616576414,0.344746777015644
"California",2011,12.2828515112525,0.0261441628267493,0.7093256436628,0.360517009889346
"California",2012,11.0712653118247,0.0268724147140949,0.600589553963822,0.336924606106592
"California",2013,11.7618607247906,0.0260726536571748,0.475554751982133,0.355129164796203
"California",2014,10.8839530020536,0.0269568801267383,0.491995037464061,0.344463193686558
"California",2015,10.2690615128798,0.0275511908531758,0.458648339900128,0.333131400097436
"California",2016,8.10174392436364,0.0253009429090909,0.601275864363636,0.360435970181818
"Colorado",2000,14.9024689890411,0.0170660164383562,2.13805787260274,0.611387954794521
"Colorado",2001,25.7834007165109,0.0163762492211838,2.43769801869159,0.627563186915888
"Colorado",2002,19.7693132099448,0.0206041860036832,2.24678109116022,0.499262121546961
"Colorado",2003,21.0730784678748,0.0194137347611203,1.96331216639209,0.549691688632619
"Colorado",2004,21.6452082507289,0.0172020728862974,1.89854867784257,0.616847329446064
"Colorado",2005,24.1765817873171,0.0188184692682927,1.93043837463415,0.617500188780488
"Colorado",2006,24.6447351386293,0.0204941090342679,2.08455350389408,0.571693031931464
"Colorado",2007,23.8350248321377,0.0216916585365854,1.91932846700143,0.549441253945481
"Colorado",2008,19.0809724709103,0.0256088302532512,1.86022820396988,0.405501203285421
"Colorado",2009,14.2308469375,0.02678281875,1.37065658125,0.35538630625
"Colorado",2010,16.1711378419811,0.0229545495283019,1.02809042924528,0.365696441037736
"Colorado",2011,17.5264909733124,0.027845387755102,1.40749375981162,0.332982973312402
"Colorado",2012,20.3209036290323,0.0263171869501466,1.33634508687683,0.370597906524927
"Colorado",2013,14.3426910295238,0.0287090885714286,1.0601894347619,0.307036816666667
"Colorado",2014,16.9041573748556,0.0272593986595794,0.942433379015484,0.318472675294661
"Colorado",2015,20.0391454448706,0.0244509659635666,1.03426566275168,0.389759068552253
"Colorado",2016,23.6238202862454,0.0209891412639405,1.00442017472119,0.451523953531599
"Connecticut",2006,17.4441664651163,0.0260860174418605,3.19609703488372,0.477757034883721
"Connecticut",2007,12.6199946542751,0.029019812267658,1.7516646802974,0.31565757527881
"Connecticut",2008,10.5423814603015,0.0260843587939699,1.24922590854271,0.343891213065327
"Connecticut",2009,10.8606800241563,0.0237630891651865,1.4085442401421,0.313645865008881
"Connecticut",2010,9.73902812734082,0.0274742759051186,0.949623484394507,0.279957096754057
"Connecticut",2011,8.53336110536218,0.0289712187206021,0.902435961429915,0.221253443555974
"Connecticut",2012,7.2763090317757,0.0301937271028037,0.642234706074766,0.213408106542056
"Connecticut",2013,7.4113358390677,0.0311948990011099,0.551675099889012,0.20313938845727
"Connecticut",2014,7.23745221624714,0.0303854496567506,0.573245177345538,0.202234651601831
"Connecticut",2015,8.04510361066049,0.0311033568945539,0.365638450173812,0.215428207415991
"Country Of Mexico",2006,20.451521242842,0.0230114231177094,1.59702092629905,0.89202948621421
"Country Of Mexico",2007,20.3726323178571,0.0224613821428571,1.64067193452381,0.804534830952381
"Country Of Mexico",2008,20.1116224781491,0.0211414935732648,1.67578020179949,0.796606700514139
"Country Of Mexico",2009,23.0326883888889,0.0223211296296296,5.86755492592593,1.0397330462963
"Country Of Mexico",2010,18.5910497632312,0.0221874735376045,1.95731183008357,0.807801735376045
"Country Of Mexico",2011,22.3873835460993,0.016822853427896,3.58231677541371,0.913637486997636
"Delaware",2011,11.0712329761905,0.024982753968254,1.22625909920635,0.24730206547619
"Delaware",2012,12.4681779075269,0.0264963333333333,1.0000634344086,0.266090329032258
"Delaware",2013,10.7921268837209,0.0289406744186047,0.898067034883721,0.238503007751938
"Delaware",2014,11.6793194522613,0.026187391959799,1.12289573115578,0.255936165829146
"Delaware",2015,10.0754217692308,0.0283735475113122,0.739750522624434,0.300650343891403
"Delaware",2016,13.771055452381,0.0251589404761905,0.828227196428571,0.282874422619048
"District Of Columbia",2000,22.7257173076923,0.0175673956043956,8.13753984203297,1.17569596978022
"District Of Columbia",2001,24.4743111833811,0.020935893982808,6.65134869197708,1.07542410888252
"District Of Columbia",2002,24.4410358027397,0.0241504410958904,6.71270869041096,1.15879478356164
"District Of Columbia",2003,22.6407543490305,0.0193718476454294,8.32318670360111,0.896369944598338
"District Of Columbia",2004,20.9564037252747,0.0194981758241758,6.47504452884615,0.61758904532967
"District Of Columbia",2005,20.836788359116,0.0216435718232044,4.48395299447514,0.848891513812155
"District Of Columbia",2006,15.966559909589,0.0267040191780822,4.52500288219178,1.11584840821918
"District Of Columbia",2007,15.3321439555556,0.0285555703703704,5.02101617037037,1.19690473481481
"District Of Columbia",2008,18.0577992361111,0.0264677,5.55644820277778,1.22156233333333
"District Of Columbia",2009,18.3029540690608,0.0236562154696133,4.52905998756906,0.865724571823204
"District Of Columbia",2010,17.6439175549451,0.0282399945054945,3.36086526923077,0.883861082417582
"District Of Columbia",2011,15.9287996643599,0.0245848569780854,3.59968346193772,0.668864043252595
"District Of Columbia",2012,16.2730872744925,0.0259157475728155,1.68219692056487,0.594510048543689
"District Of Columbia",2013,11.5003487114504,0.025505441221374,0.990978005343511,0.340435645801527
"District Of Columbia",2014,12.3029433700234,0.0245951381733021,1.1175846030445,0.358650227166276
"District Of Columbia",2015,13.2331565567322,0.0266685158850227,1.26808194175492,0.272984125567322
"District Of Columbia",2016,12.4606498448276,0.0310571551724138,0.971955931034483,0.257101543103448
"Florida",2000,12.4530383230337,0.0262612612359551,1.97391214325843,0.725071884831461
"Florida",2001,12.3875942382979,0.0241623758865248,1.14791793191489,0.638525324822695
"Florida",2002,11.313961369146,0.0231680247933884,0.661946027548209,0.471432887052342
"Florida",2003,10.9298128425414,0.0234166104972376,0.656063455801105,0.441271744475138
"Florida",2004,9.51647252247191,0.0259640449438202,0.648297862359551,0.520814255617978
"Florida",2005,8.64435950969529,0.0270138670360111,0.519624747922438,0.564061502770083
"Florida",2006,8.51996240547945,0.0291914794520548,0.390759616438356,0.389184608219178
"Florida",2007,6.13631201508916,0.0284643113854595,0.659284710562414,0.284006198216735
"Florida",2008,5.2142512625,0.0278275625,0.55133944765625,0.22352113828125
"Florida",2009,6.02794212356322,0.0284743477011494,0.121431058908046,0.33761266091954
"Florida",2010,5.67248938997214,0.0288820250696379,0.147791236768802,0.394004694986072
"Florida",2011,5.36186950410959,0.0281310082191781,0.0964447287671233,0.433694930136986
"Florida",2012,5.40692617759563,0.0269018961748634,0.0596099371584699,0.382462381147541
"Florida",2013,4.54572687042254,0.0260271661971831,-0.0258198225352113,0.297425012676056
"Florida",2014,4.97945160555556,0.0260222861111111,0.1093330875,0.457568145833333
"Florida",2015,4.10964224786325,0.0257075925925926,0.0350668219373219,0.514102397435897
"Florida",2016,5.49286895604396,0.0292129230769231,0.396408197802198,0.57366843956044
"Georgia",2010,16.5006564347826,0.0165835217391304,1.14794517391304,0.396889190217391
"Georgia",2011,13.3811852865014,0.0229862424242424,0.893666757575758,0.331725450413223
"Georgia",2012,11.5832594580468,0.0220311444291609,0.439521522008253,0.3305437303989
"Georgia",2013,9.43966956195965,0.0197093746397695,0.321742694524496,0.297998074927954
"Georgia",2014,10.4295433848315,0.0200542162921348,0.359923981741573,0.313541029494382
"Georgia",2015,9.67300324277457,0.0192264913294798,0.254999252890173,0.313777101156069
"Georgia",2016,11.9353261111111,0.019770380952381,0.288652952380952,0.317169595238095
"Hawaii",2011,2.88973055120733,0.0270789758534555,0.909626530391341,0.316353199000833
"Hawaii",2012,2.89049106553756,0.0242516605301915,0.871505975699558,0.384630142488954
"Hawaii",2013,3.11669444379845,0.0282229399224806,1.27940297965116,0.416385440891473
"Hawaii",2014,3.44930332843137,0.0239715490196078,0.986197057189543,0.337676552696078
"Hawaii",2015,3.56498305571635,0.0237629739507959,1.05505913603473,0.389986841534009
"Idaho",2009,6.33744562162162,0.0341562162162162,0.221076614864865,0.141606412162162
"Idaho",2010,9.39700466944444,0.0264464472222222,0.323219595833333,0.17964315625
"Idaho",2011,9.92565026086957,0.0129986086956522,0.715267086956522,0.272311456521739
"Illinois",2000,26.4374574772727,0.0171048607954545,6.06426940980114,0.702893404829545
"Illinois",2001,22.3568017895741,0.020865881754609,5.47987490527654,0.591789522568341
"Illinois",2002,19.8539306022502,0.0217775916611516,4.17852250727995,0.590666702183984
"Illinois",2003,20.684056693913,0.0209228539130435,5.02772280521739,0.512715054782609
"Illinois",2004,18.8142191235195,0.0206360642978003,4.12500690693739,0.577740678510998
"Illinois",2005,17.8990803286219,0.0245362614840989,4.82919829770318,0.456602969964664
"Illinois",2006,17.3915947902351,0.0211435967450271,2.71227801898734,0.37133595840868
"Illinois",2007,14.5016932620561,0.0234366661682243,1.66302713738318,0.326550555514019
"Illinois",2008,14.0859352693247,0.0216697908868999,1.58335015744508,0.27545003458096
"Illinois",2009,13.417118030384,0.0206284006677796,1.4401344524207,0.265658065609349
"Illinois",2010,13.0353902097803,0.0263122104890149,2.10813084301914,0.347147206945429
"Illinois",2011,12.1105941671964,0.0248667253655435,2.48547539192626,0.340223106802289
"Illinois",2012,11.9540343878788,0.0276848727272727,1.11327482272727,0.294958016666667
"Illinois",2013,10.983771384127,0.0238032814814815,0.878828934920635,0.292046013756614
"Illinois",2014,10.547532697026,0.0240256970260223,0.982891645910781,0.300024360594796
"Illinois",2015,8.38040425822785,0.025771535021097,1.18427421012658,0.302542705907173
"Illinois",2016,10.3744316424581,0.0250143296089385,0.941691270949721,0.309316737430168
"Indiana",2000,15.2875803712575,0.0297817185628743,7.35080084131737,0.872974359281437
"Indiana",2001,14.9478435449438,0.0321527303370787,3.31377902808989,0.382713165730337
"Indiana",2002,16.3927037109375,0.0355057265625,3.51197176953125,0.4441462890625
"Indiana",2003,14.5227786460674,0.0298970337078652,3.39117628370787,0.442218219101124
"Indiana",2004,13.7805553426573,0.0303804055944056,4.72599933216783,0.564828926573427
"Indiana",2005,13.2306300271739,0.0328065163043478,4.76660110869565,0.422176217391304
"Indiana",2006,13.922752137931,0.0241995632183908,9.93353229022988,0.65632067816092
"Indiana",2007,10.9944285184136,0.0318566430594901,3.39918367847025,0.448704521246459
"Indiana",2008,9.28878068478261,0.0287495163043478,2.46520642934783,0.419633222826087
"Indiana",2009,10.1356237909605,0.0259300564971751,1.54316012146893,0.233749550847458
"Indiana",2010,9.39229546938775,0.0294499523809524,2.98598528911565,0.164237272108844
"Indiana",2011,9.90635607065217,0.0337705597826087,1.36113197826087,0.0563294538043478
"Indiana",2012,9.84046254248366,0.0357625098039216,0.844806147058824,0.400798941176471
"Indiana",2013,10.3595456980352,0.0285003815925543,2.17572605480869,0.268147459152017
"Indiana",2014,11.333617678481,0.0270347012658228,2.47983513164557,0.231246121518987
"Indiana",2015,13.494140243609,0.0262114917293233,1.26298522932331,0.248851667669173
"Indiana",2016,13.8574780824742,0.0265423195876289,0.392973412371134,0.244739345360825
"Iowa",2006,8.230118,0.0163248064516129,0.461498919354839,0.207203903225806
"Iowa",2007,7.35855768030691,0.0289389309462916,0.553287979539642,0.254286093350384
"Iowa",2008,7.45872587361963,0.0272695251533742,0.437009265030675,0.255654657668712
"Iowa",2009,6.9967480802005,0.0261585714285714,0.324782749373434,0.240868612781955
"Iowa",2010,7.49758268141593,0.0287088533501896,0.38630941403287,0.250279209860936
"Iowa",2011,7.35924998667935,0.0280321322549952,0.496738845861085,0.206704810656518
"Iowa",2012,7.57747048471223,0.029349535971223,0.422324200989209,0.215389549460432
"Iowa",2013,6.7666955050505,0.0283346069788797,0.399249556932966,0.201395912764004
"Iowa",2014,6.34877053645833,0.0266408159722222,0.416381745659722,0.203266580729167
"Iowa",2015,6.06791047395833,0.0274439175347222,0.401158889756944,0.208163258680556
"Iowa",2016,5.99489478021978,0.0306090824175824,0.19128403021978,0.209664173076923
"Kansas",2000,9.70385244308943,0.0297255772357724,0.942815025745257,0.754412200542005
"Kansas",2001,10.5949091581769,0.0279779825737265,0.993130204423592,0.334624904825737
"Kansas",2002,8.77606315970056,0.0273157598253275,1.5628587797879,0.392605149095446
"Kansas",2003,9.62307033990148,0.0277599852216749,1.79581686863711,0.315825250410509
"Kansas",2004,9.5400768423493,0.0243305502318393,2.09527142890263,0.381378491499227
"Kansas",2005,10.9495904853621,0.0261712157164869,2.21110531818182,0.383880126348228
"Kansas",2006,11.1781054951076,0.0276267906066536,3.29135662524462,0.375922415851272
"Kansas",2007,13.3936032794521,0.0232315369863014,4.19640236986301,0.422213620547945
"Kansas",2008,16.8078922103746,0.0220855158501441,4.04381809798271,0.402355070605187
"Kansas",2009,12.2716397953216,0.0234963391812865,4.65207902631579,0.296209340643275
"Kansas",2010,13.0666753128655,0.0215983859649123,5.18930890789474,0.417026507309942
"Kansas",2011,13.10077026,0.0219844285714286,3.61894933571429,0.451442347142857
"Kansas",2012,12.0659567400881,0.028823919236417,2.80852907929515,0.510675077092511
"Kansas",2013,11.8597126655844,0.0252061168831169,2.04339245454545,0.43578813474026
"Kansas",2014,11.0309245965909,0.0251800397727273,1.75832786505682,0.264855169034091
"Kansas",2015,11.0361504723468,0.0253569058295964,1.54213160538117,0.286099801943199
"Kansas",2016,11.5852193657143,0.0228548571428571,1.08458956571429,0.252643302857143
"Kentucky",2000,12.6722546889865,0.0288958884010245,4.78063295847055,0.177907491035492
"Kentucky",2001,12.5575994520944,0.0302282989889263,4.0642259251324,0.13081539046702
"Kentucky",2002,11.0746940292599,0.0320208089500861,2.92004753442341,0.129792089500861
"Kentucky",2003,10.8436403846154,0.032971528340081,3.53306720647773,0.104202463562753
"Kentucky",2013,14.1082012439024,0.0153240609756098,1.49730329878049,0.351763481707317
"Kentucky",2014,11.4380021498471,0.0204815688073395,1.45753148165138,0.261308975535168
"Kentucky",2015,7.88483615803109,0.0236617124352332,0.551160248704663,0.270794844559585
"Louisiana",2000,17.3460742431694,0.0237559508196721,3.65871243032787,0.756646195355191
"Louisiana",2001,17.3592387722222,0.0229777222222222,3.69179673888889,0.825789090277778
"Louisiana",2002,18.0075229129173,0.0210377242380261,2.61275907256894,0.715797519593614
"Louisiana",2003,15.5625022527778,0.0209689777777778,3.36232855555556,0.661954154166667
"Louisiana",2004,15.8162260164384,0.0222319917808219,3.45987645205479,0.561826015068493
"Louisiana",2005,14.3996295340426,0.0253903787234043,3.76696081808511,0.470698874468085
"Louisiana",2006,14.9917522071611,0.0229603938618926,3.43775724168798,0.371684916879795
"Louisiana",2007,15.1991169183099,0.0223929323943662,2.57456151408451,0.381694292957746
"Louisiana",2008,13.101188951049,0.0216947622377622,2.39554234405594,0.283272268531469
"Louisiana",2009,12.8751434736842,0.0224249529085873,1.91346342797784,0.221387469529086
"Louisiana",2010,12.6985428300283,0.0252916033994334,1.35962493484419,0.247254865439093
"Louisiana",2011,11.6657067107438,0.0252339421487603,1.24741983471074,0.221497504132231
"Louisiana",2012,11.400542943662,0.0249791154929577,0.824401104225352,0.218682654929577
"Louisiana",2013,9.64470509444445,0.0236538111111111,0.635253729166667,0.2040162875
"Louisiana",2014,10.4808692114804,0.0233341570996979,1.24502633383686,0.266718935045317
"Louisiana",2015,9.38591043724138,0.0235508082758621,1.07052886206897,0.220869402758621
"Louisiana",2016,12.9114016315789,0.0268464912280702,1.11325646052632,0.23293776754386
"Maine",2006,2.33691017241379,0.0262786965517241,0.823539944827586,0.178903186206897
"Maine",2007,2.80011022739726,0.026452495890411,0.779063156164384,0.172227691780822
"Maine",2008,5.85929330645161,0.0238583727598566,1.21279950537634,0.164701655913979
"Maine",2009,6.67675189675961,0.0230403134890731,1.82354757573474,0.206413097965335
"Maine",2010,6.16171045457972,0.0262017621560498,0.940155296645307,0.252701114210328
"Maine",2011,5.5927935184412,0.024528900487126,0.814470364648573,0.232718999304106
"Maine",2012,6.06386137534819,0.024589704735376,0.757723939763231,0.285640764972145
"Maine",2013,3.91377204873096,0.0271249329949239,0.838343372588833,0.222125041624365
"Maine",2014,3.58353171197411,0.0249841262135922,0.529318166666667,0.213484686893204
"Maine",2015,5.02735365014793,0.0244215147928994,0.855354217455621,0.246401281804734
"Maine",2016,6.55690906993007,0.0281967342657343,0.332637793706294,0.299663143356643
"Maryland",2006,11.530203601227,0.0331590061349693,3.94666083742331,0.35862373006135
"Maryland",2007,12.6861908710407,0.0246852141779789,3.19876644193062,0.37702556372549
"Maryland",2008,12.6136359945534,0.0236154030501089,2.80563604684096,0.382914806100218
"Maryland",2009,11.5374415297806,0.0245955454545455,2.50255501724138,0.464286873040752
"Maryland",2010,13.0669599288824,0.0283699187227866,2.15299117997097,0.39147079245283
"Maryland",2011,12.9488961501597,0.0262961150159744,1.98099302555911,0.300602423322684
"Maryland",2012,10.1830346090116,0.0256139215116279,1.13037516715116,0.242672649709302
"Maryland",2013,9.74278420160701,0.0254495091307524,0.95680234696859,0.224103646457268
"Maryland",2014,6.94879260694514,0.0280350342224459,1.06505725465526,0.196498744338198
"Maryland",2015,7.4259153346815,0.0280493968655207,0.892048270222447,0.214647792214358
"Maryland",2016,9.20068573880597,0.027408578358209,0.727185097014925,0.248324746268657
"Massachusetts",2001,24.0484337615385,0.0191942307692308,5.90204849038462,0.297726257692308
"Massachusetts",2002,22.5473301678756,0.0222723699481865,4.55752523056995,0.396308289119171
"Massachusetts",2003,22.496309909589,0.0192123150684931,6.00403299589041,0.618627801369863
"Massachusetts",2004,16.8207040063492,0.0208582507936508,3.6369528968254,0.195828977777778
"Massachusetts",2005,18.6490796131805,0.020080340974212,1.9711940243553,0.271649398280802
"Massachusetts",2006,18.6769004361111,0.0176302416666667,2.40800493888889,0.456325038888889
"Massachusetts",2007,19.6971824198895,0.0185173314917127,3.16670440745856,0.36190705801105
"Massachusetts",2008,19.6786903589041,0.0205133616438356,2.33086948356164,0.173259021917808
"Massachusetts",2009,18.0483847091413,0.0211274155124654,2.12678294182825,0.286534846260388
"Massachusetts",2010,17.0527500124481,0.0222017952973721,1.58087202351314,0.280419733056708
"Massachusetts",2011,18.5299443351648,0.020850771978022,1.24891720879121,0.288049269230769
"Massachusetts",2012,15.8050845355649,0.0207158577405858,1.10126164923292,0.277383131101813
"Massachusetts",2013,17.4774906633663,0.0215893649222065,1.07113042857143,0.273270939886846
"Massachusetts",2014,15.5712308012422,0.0213839658385093,1.02770572981366,0.276402298136646
"Massachusetts",2015,14.398738250774,0.0224858637770898,0.71642386996904,0.273745886996904
"Massachusetts",2016,15.8292733956044,0.0235633846153846,0.676858664835165,0.272120884615385
"Michigan",2000,22.6400608879552,0.0233501820728291,5.41525120588235,0.27700124929972
"Michigan",2001,22.7798747482993,0.0280675238095238,5.39270774829932,0.396530275510204
"Michigan",2002,18.1710844362606,0.028539566572238,3.40067067988669,0.366507628895184
"Michigan",2003,17.560764142029,0.0272139333333333,2.99297967101449,0.398453024637681
"Michigan",2004,14.568412212828,0.0259097871720117,2.3863983877551,0.354139806122449
"Michigan",2005,15.6708145858896,0.0297310981595092,2.69190495705521,0.324360588957055
"Michigan",2006,12.5251782755682,0.0271734204545455,1.90676764346591,0.314751627840909
"Michigan",2007,8.125,0.021,2.3229165,0.229167
"Minnesota",2011,7.52111134843206,0.0275511585365854,0.892280796167247,0.214675120209059
"Minnesota",2012,6.40937017741935,0.035083,0.392227641129032,0.151200258064516
"Minnesota",2014,6.23165954040404,0.0252473560606061,0.415209287878788,0.251820690656566
"Minnesota",2015,6.64545623722628,0.026115101459854,0.704658645255475,0.283031808029197
"Missouri",2000,16.8727499110596,0.0277608035576179,4.1454618870843,0.522040481051817
"Missouri",2001,17.2438579659864,0.0294684739229025,4.29348982029478,0.494762989795918
"Missouri",2002,17.3851271995305,0.0287315892018779,4.10303172065728,0.584109542253521
"Missouri",2003,16.5294592074592,0.0288086037296037,3.60323170979021,0.5672352004662
"Missouri",2004,13.8707736325581,0.0255852744186047,3.41899688023256,0.550480236046512
"Missouri",2005,12.6151517878788,0.0326090442890443,3.17901882750583,0.483122164335664
"Missouri",2006,13.1498543239437,0.0287029671361502,3.29803403286385,0.416249558685446
"Missouri",2007,12.8261067061611,0.0315637772511848,3.43605985308057,0.414682118483412
"Missouri",2008,12.1087173395349,0.0284299488372093,2.80676722093023,0.3595529
"Missouri",2013,12.038474755102,0.024133250728863,2.48820978425656,0.258564193877551
"Missouri",2014,11.834839902507,0.0250860027855153,2.13093819498607,0.254712008356546
"Missouri",2015,13.1099786978417,0.0206834604316547,1.39243753417266,0.269525902877698
"Missouri",2016,12.4858465306122,0.0230457142857143,1.11537637755102,0.323151908163265
"Nevada",2001,5.87626313043478,0.0308382173913043,0.287526429347826,0.0675164945652174
"Nevada",2002,2.99505113505747,0.0412166925287356,0.0618698074712644,0.0448901379310345
"Nevada",2003,2.34559442771084,0.0413860060240964,0.0139934728915663,0.00242947891566265
"Nevada",2010,22.3421667,0.0182294,0.4304355,0.2896734
"Nevada",2011,16.6658802356164,0.0268863726027397,0.502221683561644,0.295885973972603
"Nevada",2012,14.1473475222222,0.0315721888888889,0.374382493055556,0.257559909722222
"Nevada",2013,16.2355307710145,0.0281168463768116,0.499728731884058,0.3059823
"Nevada",2014,13.5417354450867,0.0314904595375723,0.374275559248555,0.275246
"Nevada",2015,13.3054970620032,0.0314962321144674,0.39295069872814,0.268538705882353
"Nevada",2016,17.4208151538462,0.0226411666666667,0.379369506410256,0.323220608974359
"New Hampshire",2002,9.98933605978261,0.0305681684782609,1.11062165217391,0.279515548913043
"New Hampshire",2003,9.36833237356322,0.0289513103448276,1.32339872988506,0.336582833333333
"New Hampshire",2004,9.76845323913044,0.0268984239130435,2.35611683152174,0.256235644021739
"New Hampshire",2005,9.14654713432836,0.0263012935323383,3.0066285920398,0.456763975124378
"New Hampshire",2006,7.33327681142857,0.0285694914285714,1.51904301714286,0.349451674285714
"New Hampshire",2007,7.62177113586957,0.0286041630434783,1.24465949456522,0.459521866847826
"New Hampshire",2008,7.21996908791209,0.0277786043956044,1.32605509340659,0.507567282967033
"New Hampshire",2009,8.22515785046729,0.0222976317757009,1.48252203084112,0.372491459813084
"New Hampshire",2010,7.66857066791045,0.0296119664179104,0.973383332089552,0.442154098880597
"New Hampshire",2014,4.44231702298851,0.0256345172413793,0.913755327586207,0.189928781609195
"New Hampshire",2015,3.3202604301676,0.0299513547486034,0.829106308659218,0.183941029329609
"New Hampshire",2016,4.29424594915254,0.0316509661016949,0.818882152542373,0.208974855932203
"New Jersey",2000,20.5221819093445,0.0202805327754533,6.27791082914923,0.584839765690377
"New Jersey",2001,23.1205701722644,0.0223878537378115,5.7368115092091,0.616985230769231
"New Jersey",2002,24.0746839535559,0.0231808113207547,5.42797785123367,0.583847998548621
"New Jersey",2003,23.6989873664122,0.0211607251908397,6.68517011832061,0.648055250636132
"New Jersey",2004,19.2408719526542,0.0219339067431851,5.6056662374462,0.51808225251076
"New Jersey",2005,19.8568270177606,0.0239235783783784,4.92306931737452,0.467070599227799
"New Jersey",2006,17.4759288885794,0.0244643426183844,3.9079021086351,0.37701930362117
"New Jersey",2007,18.0069375713282,0.0241644891075193,3.65782097329585,0.286540611384399
"New Jersey",2008,15.7152904589552,0.0262596604477612,3.27372114365672,0.23712002238806
"New Jersey",2011,21.0352921522989,0.0222859827586207,1.95548642528736,0.358829824712644
"New Jersey",2012,15.6091143261589,0.0255785529801325,1.18216606456954,0.283360090231788
"New Jersey",2013,15.236753,0.0242761220527046,0.541156068654646,0.277709178918169
"New Jersey",2014,16.0812691796657,0.0236926949860724,0.590643168523677,0.279191563370474
"New Jersey",2015,15.0230801959184,0.024570387755102,0.292289215646258,0.284219843537415
"New Mexico",2011,13.4067951329562,0.0327168528995757,0.404033633663366,0.20552209476662
"New Mexico",2012,13.742087632312,0.0319654679665738,0.646937076601671,0.184376419220056
"New Mexico",2013,11.7707440027894,0.0330605941422594,0.789340518828452,0.214931436541144
"New Mexico",2014,11.6141803351878,0.030883371349096,0.535529991655077,0.220872081363004
"New Mexico",2015,11.1827525198864,0.0298499204545455,0.686619964488636,0.229498055397727
"New York",2000,23.1671911774708,0.0212515286928799,7.18232800159405,0.46246908554729
"New York",2001,25.0319202185136,0.0209362425456164,7.79553337672452,0.49343594882065
"New York",2002,23.9642148877108,0.0220173624096386,6.82342434698795,0.441820202409639
"New York",2003,22.8824326622918,0.0211578187783947,7.44700967390207,0.529577553760727
"New York",2004,20.890264361529,0.0211168779284834,6.99780456892725,0.436544754623921
"New York",2005,21.3359470244978,0.0226302185203332,7.3516236266536,0.399689840274375
"New York",2006,19.2391119332539,0.023701319030592,4.69935854827175,0.319386987683751
"New York",2007,18.5412239124183,0.0230199176470588,4.96015986176471,0.366199910130719
"New York",2008,16.70422255,0.0243483375,4.54856282256944,0.315404801388889
"New York",2009,12.9768437631902,0.0252027349693252,3.3451750702454,0.24013863190184
"New York",2010,12.9805063335987,0.0281209140127389,3.03918173566879,0.304923915605096
"New York",2011,13.0880268042349,0.0259105880942869,2.48360852437076,0.277630807830603
"New York",2012,18.0947655636115,0.024573976744186,2.51567181668947,0.343470825581395
"New York",2013,17.9196587378641,0.0246280915395284,1.80678578085992,0.305675137309293
"New York",2014,16.9205922563025,0.0240530952380952,1.43277568417367,0.274945243697479
"New York",2015,17.165993538674,0.023756726519337,1.00496496892265,0.261883258977901
"New York",2016,17.8474728242678,0.0239715188284519,1.05142743933054,0.293643907949791
"North Carolina",2000,15.1733545883978,0.0346523895027624,3.66056505248619,0.618247541436464
"North Carolina",2001,13.8536143009404,0.0337466802507837,3.2804240799373,0.539907802507837
"North Carolina",2002,12.2655209801762,0.037135281938326,2.73649613325991,0.432545226872247
"North Carolina",2003,11.956116214043,0.030765832389581,2.88965304246886,0.48578629218573
"North Carolina",2004,10.6300654904306,0.0307850119617225,2.3698938361244,0.429904899521531
"North Carolina",2005,12.4336324511628,0.0320388279069767,2.15619839069767,0.51773556744186
"North Carolina",2006,12.2851884305556,0.0324012222222222,2.65816839351852,0.403573548611111
"North Carolina",2007,13.9164453650138,0.0294544531680441,2.94024620730028,0.375289365013774
"North Carolina",2008,11.2082033719008,0.0280493553719008,2.07026687465565,0.322851436639118
"North Carolina",2009,9.85195840285714,0.0259214657142857,0.8021515,0.293876041428571
"North Carolina",2010,11.6892513567416,0.0284046573033708,0.904411535112359,0.328666504213483
"North Carolina",2011,9.99517392264416,0.0292801125175809,0.570810545007032,0.338969414205345
"North Carolina",2012,8.67151139772727,0.0280142402597403,0.2337694375,0.28040618262987
"North Carolina",2013,8.48223218465909,0.0254356732954545,0.253827913352273,0.288644733664773
"North Carolina",2014,7.74452212865134,0.0267983542573027,0.331986990055935,0.269448206960845
"North Carolina",2015,6.94540384549965,0.0268193330970943,0.271415634656272,0.258939897236003
"North Carolina",2016,7.47121383829787,0.0293350382978723,0.235839644680851,0.247236104255319
"North Dakota",2008,5.34773616909621,0.0248324577259475,0.192708317784257,0.173174556851312
"North Dakota",2009,4.92161411634349,0.0252002991689751,0.267746181440443,0.165744221606648
"North Dakota",2010,5.41830160547945,0.0264550328767123,0.281607457534247,0.171877923287671
"North Dakota",2011,4.47742701744186,0.0255880988372093,0.277065047965116,0.165147265988372
"North Dakota",2012,4.58198324725275,0.0250319368131868,0.224805494505495,0.174159601648352
"North Dakota",2013,4.762328992,0.029309844,0.216061826,0.155520676
"North Dakota",2014,4.48184276910569,0.0271087300813008,0.156342542276423,0.161114359349594
"North Dakota",2015,4.2990242674772,0.024690896656535,0.121832303951368,0.171795302431611
"North Dakota",2016,4.67100992307692,0.0258676923076923,0.247495445054945,0.185920697802198
"Ohio",2009,4.50915114071856,0.0280976916167665,2.72827987275449,0.336277236526946
"Ohio",2010,5.07908243715847,0.0380882076502732,1.47398006830601,0.322609161202186
"Ohio",2011,14.7197105485018,0.0249507521584561,4.61009395683088,0.284705543930929
"Ohio",2012,13.8292804868766,0.0233694895013123,3.11003016076115,0.277173669291339
"Ohio",2013,12.6382405988593,0.0234293070342205,2.31537918060837,0.242901244296578
"Ohio",2014,12.0160273681293,0.0237053870669746,2.26278415658199,0.248457239491917
"Ohio",2015,12.4786346970784,0.0239255858534085,2.22204538569964,0.270067133008713
"Ohio",2016,9.76079533055556,0.0255081805555556,1.68699300833333,0.278656743055556
"Oklahoma",2000,4.77065637918216,0.0373245074349442,0.852076455390335,0.0479774014869888
"Oklahoma",2001,8.27193395139442,0.0343160908366534,1.00422504780876,0.0333679099601594
"Oklahoma",2002,6.61026372638436,0.031258792616721,1.01583697285559,0.0600678246471227
"Oklahoma",2003,6.29642703900709,0.0354882588652482,1.0501872535461,0.0422365466903073
"Oklahoma",2004,5.39660914093428,0.0324703531274743,0.909459098970705,0.0155154402216944
"Oklahoma",2005,8.13478026585366,0.0339627902439024,0.412697287804878,0.0169066304878049
"Oklahoma",2006,7.87330286590038,0.0305225823754789,1.90680942528736,0.112292070881226
"Oklahoma",2007,7.78724084859474,0.0261739619220308,0.653976891205802,0.206999534451496
"Oklahoma",2008,6.23080760632184,0.0265917672413793,0.591795872126437,0.152388177442529
"Oklahoma",2009,6.45474542857143,0.0283890799573561,0.654059155117271,0.218558654584222
"Oklahoma",2010,6.44162765377176,0.0292546054158607,0.793962387814313,0.217852802224371
"Oklahoma",2011,6.74354398175599,0.0358186499429875,0.84219962713797,0.228100677879133
"Oklahoma",2012,6.48266161032864,0.0326239231220657,0.458297875,0.168743803110329
"Oklahoma",2013,6.74432040581717,0.0301707229916898,0.347305235457064,0.17249583033241
"Oklahoma",2014,6.0227435988024,0.0298988907185629,0.16927344011976,0.157094333083832
"Oklahoma",2015,7.80597940898876,0.0260962943820225,0.693180137078652,0.239572140449438
"Oklahoma",2016,8.12538490410959,0.0256877945205479,1.48984479452055,0.277548191780822
"Oregon",2007,11.4253204632035,0.0176121082251082,1.16521486363636,0.330530558441558
"Oregon",2008,10.9524970884146,0.0191393140243902,0.971690556402439,0.336214955792683
"Oregon",2009,10.3595434841499,0.01925165129683,1.60735626224784,0.324423842939481
"Oregon",2010,9.05446697808219,0.0190205534246575,1.33806320136986,0.324466198630137
"Oregon",2011,9.13221409006211,0.0185647173913043,0.742556110248447,0.336895571428571
"Oregon",2012,9.06379174691358,0.0211048024691358,0.628432831790123,0.296148884259259
"Oregon",2013,9.73013067267267,0.0175911111111111,1.0765544954955,0.292247235735736
"Oregon",2014,8.55365430884558,0.0208863778110945,0.84132140029985,0.24234000149925
"Oregon",2015,9.18756752876712,0.0196803506849315,0.466264526027397,0.275150569863014
"Pennsylvania",2000,16.1305577863672,0.024540702556158,5.15471649558482,0.302549696049574
"Pennsylvania",2001,15.9656305380243,0.0271884327853741,5.26935269903211,0.32083088938393
"Pennsylvania",2002,14.5851666418403,0.0282539737749138,5.05125617555822,0.260631896148659
"Pennsylvania",2003,14.0609898493921,0.0253466987841945,4.91371650265957,0.266114424772036
"Pennsylvania",2004,13.6269978593844,0.0244071305069403,4.59187555906759,0.32630518964997
"Pennsylvania",2005,13.4491647297337,0.0277493223587943,5.49130497614867,0.213494790605795
"Pennsylvania",2006,12.4602418739184,0.0274070259579728,5.00302882495536,0.231311119626425
"Pennsylvania",2007,12.142219613172,0.0287041028225806,5.17053189032258,0.238083578696237
"Pennsylvania",2008,11.1018614990218,0.0270238145298031,3.97924991319943,0.184915491000391
"Pennsylvania",2009,10.6518208836627,0.0253120072362928,3.54458579334818,0.235363624686891
"Pennsylvania",2010,10.9429159955501,0.0280524983930779,2.91961134264524,0.268295315698393
"Pennsylvania",2011,11.2383758405666,0.024840284002179,2.13610148392954,0.231960902941711
"Pennsylvania",2012,11.0922227345513,0.0245581092602543,2.19093887721655,0.222539224162637
"Pennsylvania",2013,9.62386780970537,0.0248175540727903,2.10069068786828,0.166300857885615
"Pennsylvania",2014,9.26664578329177,0.0260659438902743,2.2542889042394,0.18998169201995
"Pennsylvania",2015,6.99764695352464,0.027685623518403,1.35039944572676,0.173289525421085
"Pennsylvania",2016,7.41598106315789,0.0279188857142857,1.05802592932331,0.0949814669172932
"Rhode Island",2011,5.38375889393939,0.030741,0.161707636363636,0.190794102272727
"Rhode Island",2012,6.28801481213307,0.0314617338551859,0.65130039334638,0.219472835616438
"Rhode Island",2013,7.55936549717514,0.0298939237288136,0.692037484463277,0.223646336158192
"Rhode Island",2014,7.30387529986053,0.0291585676429568,0.617290009762901,0.229039977684798
"Rhode Island",2015,7.64018512222222,0.0291851638888889,0.333022411111111,0.231601456944444
"Rhode Island",2016,7.74060450413223,0.0323336859504132,0.365890495867769,0.234158719008264
"South Carolina",2003,2.35552634545455,0.0320388545454545,0.700837404545455,0.260565568181818
"South Carolina",2006,2.04797370689655,0.0335276896551724,1.21694307183908,0.144348925287356
"South Carolina",2007,2.03043432013201,0.0323822343234323,0.881021443894389,0.130813232673267
"South Carolina",2008,1.73977646439628,0.0308297430340557,0.824451842105263,0.12765559752322
"South Carolina",2009,1.45036157439446,0.0289794567474048,0.542726678200692,0.0662947923875433
"South Carolina",2010,1.42592908189655,0.0325792586206897,0.652850950431034,0.0866157004310345
"South Carolina",2016,9.31217068965517,0.0297605517241379,0.231289327586207,0.158057224137931
"South Dakota",2011,6.18793895909732,0.030389317348378,0.433789507757405,0.190539389280677
"South Dakota",2012,6.23723180136986,0.0316319643835616,0.47678463630137,0.192368135616438
"South Dakota",2013,4.06552011988514,0.0310697494615937,0.4291728977028,0.163686868628859
"South Dakota",2014,5.04100764135021,0.0311744992967651,0.704555202531646,0.187652475386779
"South Dakota",2015,4.73127100325203,0.0240843138211382,0.365482540650407,0.194658705691057
"Tennessee",2002,3.08569240821918,0.033871802739726,1.2277952739726,1
"Tennessee",2003,4.82139642156863,0.0342017647058824,1.30925334803922,1
"Tennessee",2008,1.25000835028249,0.0350846271186441,1.35592926553672,0.205318372881356
"Tennessee",2009,0.760512117088608,0.0386524905063291,0.694248962025316,0.16378347943038
"Tennessee",2010,0.895842555956679,0.0443419891696751,0.881867604693141,0.178771238267148
"Tennessee",2015,0.775572539956803,0.0375485896328294,0.101593276457883,0.167218552915767
"Tennessee",2016,1.01159117391304,0.0379645900621118,0.136803468944099,0.186190838509317
"Texas",2000,16.346747500994,0.0245895492047714,2.72606909567594,0.436668171471173
"Texas",2001,16.2413094589595,0.0259672069364162,1.72708887707129,0.384691374566474
"Texas",2002,16.0939985522908,0.0288032923306773,0.361111015687251,0.340581887450199
"Texas",2003,15.6099711771596,0.0270176343338214,2.03650919418009,0.460082989019034
"Texas",2004,13.7856950028746,0.0247344035213798,2.01029131710385,0.343801573841179
"Texas",2005,13.8790888257765,0.0271217679400214,2.26977769600143,0.314723400571225
"Texas",2006,13.5239462580848,0.025674212244898,1.84848277927786,0.262153630926217
"Texas",2007,13.1070044958805,0.0242830411946447,1.24791925592173,0.22921194953656
"Texas",2008,10.6247425323393,0.0247200104775337,0.772880357445094,0.224069475518839
"Texas",2009,8.67111782171833,0.0239807578531309,0.668440613584356,0.200132568753901
"Texas",2010,10.8233143947421,0.0252337430790679,0.828995686914957,0.228113547002589
"Texas",2011,10.3749718436388,0.0275717235320285,0.634463836854982,0.198426788256228
"Texas",2012,10.316445284575,0.0271633985309549,0.563877117733473,0.182514854144806
"Texas",2013,9.57183268138914,0.0264780368655387,0.386368084594835,0.175513231611754
"Texas",2014,9.53449726902225,0.0252914864460647,0.323982388016452,0.178338156758273
"Texas",2015,9.25253287931034,0.0249035915771622,0.258305933860938,0.207629161531939
"Texas",2016,10.3570789904762,0.0265148342857143,0.32169478,0.22726722
"Utah",2011,18.2019177950139,0.0270114182825485,0.95789637534626,0.346075317174515
"Utah",2012,8.5539603925104,0.0369940915395284,0.220759775312067,0.37731757628294
"Utah",2013,12.8475835472837,0.0345584346076459,0.27509715694165,0.331870098591549
"Utah",2014,14.2960057866242,0.0274136815286624,0.484270210191083,0.328788616242038
"Utah",2015,16.9816929802372,0.027733814229249,0.251121835968379,0.360338565217391
"Utah",2016,31.5158731428571,0.013307619047619,0.661726166666667,0.515134
"Virginia",2000,17.9155588947368,0.0226086217596229,9.04259421013354,0.644427913589945
"Virginia",2006,13.0266805679671,0.0255707437371663,3.92417129178645,0.47099621026694
"Virginia",2007,11.7869617421203,0.0297691375358166,3.82277239207259,0.436690149952245
"Virginia",2008,9.98876541311134,0.0268798007284079,2.98126862721124,0.348564508844953
"Virginia",2009,11.9388665165794,0.0264514397905759,2.65422008900524,0.32280984904014
"Virginia",2010,10.016854248538,0.0347269005847953,1.48033406578947,0.118491479532164
"Virginia",2011,7.925899977813,0.0331635372424723,0.614728732171157,0.289209821711569
"Virginia",2012,7.99441860385757,0.0310573427299703,0.568937824183976,0.250415824925816
"Virginia",2013,7.04439126190476,0.0274401590909091,0.53748298538961,0.265809880411255
"Virginia",2014,5.2539352972973,0.0299651748807631,0.580286482511924,0.260720708267091
"Virginia",2015,5.44284252583979,0.0292902751937985,0.387698700904393,0.267783970930233
"Virginia",2016,10.3206628666667,0.0229079,0.550616716666667,0.291826016666667
"Washington",2013,11.6114197567568,0.0151621081081081,1.07915481081081,0.181388621621622
"Washington",2014,8.86268676190476,0.0299781904761905,0.263708261904762,0.208342976190476
"Washington",2015,9.67258483333333,0.021468494047619,0.813734883928571,0.203479279761905
"Washington",2016,14.7305381034483,0.0159012413793103,0.202716482758621,0.27432674137931
"Wisconsin",2006,14.7652431034483,0.0230815545977011,2.62567093534483,0.353597291666667
"Wisconsin",2007,17.2530547741935,0.0151424193548387,2.49374182258065,0.314837548387097
"Wyoming",2007,1.73381858171745,0.0404162049861496,1.02278352493075,0.166722664819945
"Wyoming",2008,2.27017838263666,0.0398174887459807,0.544395922829582,0.0660548681672026
"Wyoming",2011,4.1688657090301,0.0378901906354515,0.164213623745819,0.123082884057971
"Wyoming",2012,3.90034792916667,0.0370499625,0.278648090277778,0.211280748611111
"Wyoming",2013,4.1368939986053,0.0392769065550907,0.204841225244073,0.0527645188284519
"Wyoming",2014,2.99331372036824,0.0373029804372842,0.217626838319908,0.0279992842347526
"Wyoming",2015,3.04485531290622,0.0366150622098422,0.246925824512535,0.0462451355617456
"Wyoming",2016,3.42556438888889,0.0391485111111111,-0.0335957166666667,0.0924776944444445
